,Bit 74,Bit 156,Bit 90,Bit 65,Morgan Bit 780,Morgan Bit 378,Bit 98,Bit 101,Morgan Bit 645,Bit 163,Morgan Bit 222,Morgan Bit 632,Bit 141,Morgan Bit 1797,Morgan Bit 414,Morgan Bit 532,Bit 121,Morgan Bit 715,Morgan Bit 1866,Morgan Bit 997,Morgan Bit 1323,Morgan Bit 437,Bit 159,Morgan Bit 1380,Morgan Bit 784,Bit 142,Morgan Bit 1601,Morgan Bit 1043,Bit 108,Morgan Bit 650,Morgan Bit 1293,Morgan Bit 45,Morgan Bit 1444,Morgan Bit 1405,Morgan Bit 1260,Bit 162,Morgan Bit 1453,Morgan Bit 36,Morgan Bit 1873,Morgan Bit 1928,Morgan Bit 950,Bit 97,Morgan Bit 1683,Morgan Bit 1750,Bit 136,Morgan Bit 1952,Morgan Bit 419,Bit 31,Bit 125,Morgan Bit 926,Morgan Bit 473,Bit 91,Morgan Bit 67,Morgan Bit 1143,Morgan Bit 624,Morgan Bit 565,Bit 96,Bit 82,Morgan Bit 1357,Morgan Bit 500,Morgan Bit 1646,Morgan Bit 1838,Morgan Bit 656,Morgan Bit 1490,Morgan Bit 591,Morgan Bit 976,Morgan Bit 1741,Morgan Bit 1633,Bit 89,Morgan Bit 1723,Morgan Bit 1430,Bit 104,Bit 69,Morgan Bit 1226,Morgan Bit 439,Morgan Bit 1649,EQE (%)
Bit 74,0.0,0.0,0.0,0.0,0.0,0.0,0.0,0.0,0.0,0.0,0.0,0.0,0.521414954951756,0.0,0.0,0.0,0.0,0.0,0.0,0.0,0.0,0.0,0.0,0.0,0.0,0.0,0.0,0.0,0.0,0.0,0.0,0.0,0.0,0.0,0.0,0.0,0.0,0.0,0.0,0.0,0.0,0.0,0.0,0.0,0.0,0.0,0.0,0.0,0.0,0.0,0.0,0.0,0.0,0.0,0.0,0.0,0.0,0.0,0.0,0.0,0.0,0.0,0.0,0.0,0.0,0.0,0.0,0.0,0.0,0.0,0.0,0.0,0.0,0.0,0.0,0.0,0.0
Bit 156,0.0,0.0,0.0,0.0,0.0,0.0,0.48487851937741905,0.0,0.0,0.0,0.0,0.0,0.0,0.0,0.0,0.0,0.0,0.0,0.0,0.0,0.0,0.0,0.0,0.0,0.0,0.0,0.0,-0.26553044065953046,-0.08496844634646361,0.0,0.0,0.0,0.0,0.0,0.0,0.0,0.0,0.0,0.0,0.0,0.0,0.3306478051896356,0.0,0.0,0.0,0.0,0.0,0.0,0.0,0.0,0.0,0.0,0.363578646527089,0.0,0.0,0.0,0.11311673771474613,0.0,0.0,0.0,0.0,0.0,-0.07429982647728889,0.0,0.0,0.0,0.0,-0.3826298489245731,0.0,0.0,0.07820747381988058,0.0,0.0,0.0,0.18620804342170447,0.0,0.0
Bit 90,0.0,0.0,0.0,0.0,0.0,0.0,0.0,0.0,0.0,0.0,0.0,0.0,0.0,0.0,0.0,0.0,0.0,0.0,0.0,0.0,0.0,0.0,0.0,0.0,0.0,0.0,0.0,0.0,0.0,0.0,0.0,0.07745899508892883,0.0,0.0,0.0,0.0,0.0,0.0,0.0,0.0,0.0,0.3599073269591852,0.0,0.0,0.0,0.0,0.0,0.0,0.0,0.0,0.0,0.5437197167349982,0.0,0.0,0.0,0.0,0.0,0.0,0.0,0.0,0.0,0.0,0.0,0.0,0.0,0.0,0.0,0.0,0.0,0.0,0.0,0.0,0.0,0.0,0.0,0.0,0.0
Bit 65,0.0,0.0,0.0,0.0,0.0,0.0,0.0,0.3885711878206096,0.581004266778088,0.0,0.0,-0.7692716837558341,0.0,0.0,0.0,0.0,0.0,0.0,0.0,0.0,0.0,0.0,0.0,0.0,0.0,0.0,0.0,0.0,0.0,0.0,0.0,0.6668912469885727,0.0,0.0,0.0,0.0,0.0,0.0,0.0,0.0,0.8027210884353737,0.0,0.0,0.0,0.0,0.0,0.0,0.0,0.0,0.0,0.0,0.0,0.0,0.0,0.0,0.0,0.0,0.0,-0.3444095317402734,-0.6416030649598831,0.0,0.0,0.0,0.0,0.0,0.244662094774541,-0.5515300788991989,0.4863850906696704,0.0,0.0,0.0,0.0,0.0,0.0,0.0,0.0,0.0
Morgan Bit 780,0.0,0.0,0.0,0.0,0.0,0.0,0.0,0.0,0.0,0.0,0.0,0.0,0.0,0.0,0.4307891660593504,0.0,0.0,0.0,0.0,0.0,0.0,0.0,0.0,0.0,0.0,0.0,0.0,0.0,0.0,0.0,0.0,0.0,0.0,0.0,0.0,0.0,0.0,0.0,0.0,0.0,0.0,0.0,0.0,0.0,0.0,0.0,0.0,0.0,0.0,0.0,0.0,0.0,0.0,0.0,0.0,0.0,0.0,0.0,0.0,0.0,0.0,0.0,0.0,0.0,0.0,0.0,0.0,0.0,0.0,0.0,0.0,0.0,0.0,0.0,0.0,0.0,0.0
Morgan Bit 378,0.0,0.0,0.0,0.0,0.0,0.0,0.0,0.0,0.7069574325887161,0.0,0.0,0.0,0.0,0.0,0.0,0.0,0.0,0.0,0.0,0.0,0.0,0.0,0.0,0.0,0.0,0.0,0.0,0.0,0.0,0.0,0.0,0.0,0.0,0.0,0.0,0.0,0.0,0.0,0.0,0.0,0.0,0.0,0.0,0.0,0.0,0.0,0.0,0.0,0.0,0.0,0.0,0.0,0.0,0.0,0.0,0.0,0.0,0.0,0.0,-0.7135645113979566,0.0,0.0,0.0,0.0,0.0,0.5021411222942048,0.0,0.7069574325887164,0.0,0.0,0.0,0.0,0.0,0.0,0.0,0.0,0.0
Bit 98,0.0,0.0,0.0,0.0,0.0,0.0,0.0,0.0,0.7069574325887161,0.0,0.0,0.0,0.0,0.0,0.0,0.0,0.0,0.0,0.0,0.0,0.0,0.0,0.0,0.0,0.0,0.0,0.0,0.0,0.0,0.0,0.0,0.0,0.0,0.0,0.0,0.0,0.0,0.0,0.0,0.0,0.0,0.0,0.0,0.0,0.0,0.0,0.0,0.0,0.0,0.0,0.0,0.0,0.0,0.0,0.0,0.0,0.0,0.0,0.0,-0.7135645113979566,0.0,0.0,0.0,0.0,0.0,0.5021411222942048,0.0,0.7069574325887164,0.0,0.0,0.0,0.0,0.0,0.0,0.0,0.0,0.0
Bit 101,0.0,0.0,0.0,0.0,0.0,0.0,0.0,0.0,-0.4870107670057069,0.0,0.0,0.0,0.0,0.0,0.0,0.0,0.0,0.0,0.0,0.0,0.0,0.0,0.0,0.0,0.0,0.0,0.0,0.3391995254882842,0.0,0.0,0.0,-0.5937710859953543,0.0,0.0,0.0,0.0,0.0,0.0,0.0,0.0,0.0,0.0,0.0,0.0,0.0,0.0,0.0,0.0,0.0,0.0,0.0,0.0,0.0,0.0,0.0,0.0,0.0,0.0,0.8121079065722827,0.477554247258023,0.0,0.0,0.0,0.0,0.0,0.3391995254882845,0.0,0.0,0.0,0.0,0.0,0.0,0.0,0.0,0.48701076700570695,0.0,0.0
Morgan Bit 645,0.0,0.0,0.0,0.0,0.0,0.0,0.0,0.0,0.0,0.0,0.0,0.0,0.0,0.0,0.0,0.0,0.0,0.0,0.0,0.0,0.0,0.0,0.0,0.0,0.0,0.0,0.0,0.7039429765866794,0.0,0.0,0.0,0.0,0.0,0.0,0.0,0.0,0.0,0.0,0.0,0.0,0.0,0.0,0.0,0.0,0.0,0.0,0.0,0.0,0.0,0.0,0.0,0.0,0.0,0.0,0.0,0.0,0.0,0.0,0.0,0.0,0.0,0.0,0.0,0.0,0.0,0.0,0.0,0.0,0.0,0.0,0.0,0.0,0.0,0.0,0.0,0.0,0.0
Bit 163,0.0,0.0,0.0,0.0,0.0,0.0,0.24530509116461843,0.0,0.0,0.0,-0.06735053193621274,0.0,0.0,0.0,0.0,0.0,0.0,0.0,0.0,0.0,0.0,0.0,0.0,0.0,0.0,0.0,0.0,0.0,0.0,0.0,0.0,0.0,0.0,0.0,0.0,0.0,0.0,0.0,0.0,0.0,-0.040827504514915465,0.0,0.0,0.0,0.0,0.0,0.0,0.0,0.4693686021164372,0.0,0.0,0.0,0.0,0.0,0.0,0.0,0.0,0.0,0.0,0.0,0.0,0.0,0.0,0.0,0.0,0.0,0.0,0.0,0.0,0.0,0.0,0.0,0.0,0.0,0.0,0.0,0.0
Morgan Bit 222,0.0,0.0,0.0,0.0,0.0,0.0,0.0,0.0,0.0,0.0,0.0,0.0,0.0,0.0,0.0,0.0,0.0,0.0,0.0,0.0,0.0,0.0,0.0,0.0,0.0,0.0,0.0,0.0,0.0,0.0,0.0,0.0,0.0,0.0,0.0,0.0,0.0,0.8127431728804994,0.0,0.0,0.0,0.0,0.0,0.0,0.0,0.0,0.0,0.0,0.0,0.0,0.5772791262307759,0.0,0.0,0.0,0.0,-0.5825752650035355,0.0,0.0,0.0,0.0,0.0,0.0,0.0,0.0,0.0,0.0,0.0,0.0,0.0,0.0,0.0,0.0,0.0,0.0,0.0,0.0,0.0
Morgan Bit 632,0.0,0.0,0.0,0.0,0.0,0.0,0.0,0.0,0.0,0.0,0.0,0.0,0.0,0.9086348463220072,0.0,0.0,0.0,0.0,0.0,0.0,0.0,0.0,0.0,0.0,0.0,0.0,0.0,0.0,0.0,0.0,0.0,0.0,0.0,0.0,0.0,0.0,0.0,0.0,0.0,0.0,0.0,0.0,0.0,0.0,0.0,0.0,0.0,0.0,0.0,0.0,0.0,0.0,0.0,0.0,0.0,0.0,0.0,0.0,0.0,0.0,0.0,0.0,0.0,0.0,0.0,0.0,0.0,0.0,0.0,0.0,0.0,0.0,0.0,0.0,0.0,0.0,0.0
Bit 141,0.0,0.0,0.0,0.0,0.0,0.7133164307699978,0.0,0.0,-0.5140872632984729,0.0,0.0,0.0,0.0,0.0,0.8655785731708195,0.0,0.0,0.0,0.0,0.0,0.0,0.0,0.0,0.0,0.0,0.0,0.0,0.0,0.0,0.0,0.0,0.0,0.0,0.0,0.0,0.0,0.0,0.0,0.0,0.0,0.0,0.0,0.0,0.0,0.0,0.0,0.0,0.0,0.0,0.0,0.0,0.0,0.0,0.0,0.0,0.0,0.0,0.0,0.0,0.508997290394528,0.0,0.0,0.0,0.0,0.0,-0.3651483716701101,0.0,-0.5140872632984731,0.0,0.0,0.0,0.0,0.0,0.0,0.0,0.0,0.0
Morgan Bit 1797,0.0,0.0,0.0,0.0,0.0,0.0,0.0,0.0,0.0,0.0,0.0,0.0,0.0,0.0,0.0,0.8903148602930964,0.0,0.0,0.0,0.0,0.0,0.0,0.0,0.0,0.0,0.0,0.0,0.0,0.0,0.0,0.0,0.0,0.0,0.0,0.0,0.0,0.0,0.0,0.0,0.0,0.0,0.0,0.0,0.0,0.0,0.0,0.0,0.0,0.0,0.0,0.0,0.0,0.0,0.0,0.0,0.0,0.0,0.0,0.0,0.0,0.0,0.0,0.0,0.0,0.0,0.0,0.0,0.0,0.0,0.0,0.0,0.0,0.0,0.0,0.0,0.0,0.0
Morgan Bit 414,0.0,0.0,0.0,0.0,0.0,0.0,0.0,0.0,0.0,0.0,-0.12333747566284539,0.0,0.0,0.0,0.0,0.0,0.0,0.0,0.0,0.0,0.0,0.0,0.0,0.0,0.11917389484982639,0.0,0.0,0.0,0.0,0.0,0.0,0.0,0.3316611008760714,0.0,0.0,0.0,0.0,0.0,0.0,0.0,0.0,0.19801384354610654,0.0,0.0,0.0,0.0,0.41160649722495507,0.0,0.0,0.0,0.0,0.0,0.0,0.0,0.0,0.4116064972249563,0.0,0.0,0.0,0.0,0.0,0.0,0.0,0.0,0.0,0.0,0.0,0.0,0.0,0.0,-0.13959964081085433,0.0,0.0,0.0,0.0,0.0,0.0
Morgan Bit 532,0.0,0.0,0.0,0.0,0.0,0.0,0.0,0.0,0.0,0.0,0.8532583711863395,0.0,0.0,0.0,0.0,0.0,0.0,0.0,0.0,0.0,0.0,0.0,0.0,0.0,0.0,0.0,0.0,0.0,0.0,0.0,0.0,0.0,0.0,0.0,0.0,0.0,0.0,-0.7135645113979572,0.0,0.0,0.0,0.0,0.0,0.0,0.0,0.0,0.0,0.20117691554699788,0.0,0.0,-0.5068340299791971,0.0,0.0,0.0,0.0,0.4970872217103668,0.0,0.0,0.0,0.0,0.0,0.0,0.0,0.0,0.0,0.0,0.0,0.0,0.0,0.0,0.0,0.0,0.0,0.0,0.0,0.0,0.0
Bit 121,0.0,0.0,0.0,0.1418023004045718,0.0,-0.9140639334041976,0.5925547159714833,0.6409557972715009,0.7191454736036538,0.0,0.405674679469109,-0.0064547453801165,0.704208195292824,0.0,-0.6262701846838254,0.0,0.0,0.0,0.17113739064166317,0.0,-0.3351877553628774,0.0,0.0,0.0,0.0,0.0,0.0,-0.47885756430540966,0.05667465449208083,0.0,0.0,0.9018473731523808,0.0,0.0,0.0,0.0,0.0,-0.3389834222272152,0.0,0.0,0.0,0.0,0.0,0.0,0.0,0.0,0.0,0.5130209738987961,0.0,0.0,-0.24077477402423897,0.0,0.4069930991577046,0.0,-0.23807876952488125,0.2200801162214897,0.08808889530108592,0.0,-0.5657779784502893,-0.7253947134786637,0.0,0.0,0.0,0.0,0.0,0.07327181518946353,0.0,0.0,0.0,0.0,0.0,0.0,-0.06451291366711584,0.0,-0.378125159989506,0.0,0.0
Morgan Bit 715,0.0,0.0,0.0,0.0,0.0,0.0,-0.10372072711522005,0.27637111204715825,0.0,0.0,0.0,-0.49137160261085044,0.0,0.0,0.0,0.0,0.0,0.0,0.0,0.0,0.0,0.0,0.0,0.0,0.0,0.0,0.0,0.0,0.0,0.0,0.0,0.142715797095721,0.0,0.0,0.0,0.0,0.08181086828893094,0.0,0.0,0.0,0.531726915867939,0.0,0.0,0.0,0.3449645474724905,0.0,0.0,0.0,0.0,0.0,0.0,0.0,0.0,0.0,0.0,0.0,0.0,0.0,-0.3665725999216537,-0.10018807890426779,0.0,0.10775638014893618,0.0,0.0,0.14094889844926287,0.0,0.0,0.0,-0.08533856101106001,0.0,0.0,0.0,-0.19447569382980714,0.7603936881833233,0.0,0.0,0.0
Morgan Bit 1866,0.0,0.0,0.0,0.7577609523555319,0.0,0.0,0.0,0.0,0.0,0.0,0.0,0.0,0.0,0.0,0.0,0.0,0.0,0.0,0.0,0.0,0.0,0.0,0.0,0.0,0.0,0.0,0.0,0.0,0.0,0.0,0.0,0.0,0.0,0.0,0.0,0.0,0.0,0.0,0.0,0.0,0.0,0.0,0.0,0.0,0.0,0.0,0.0,0.0,0.0,0.0,0.0,0.0,0.0,0.0,0.0,0.0,0.0,0.0,0.0,0.0,0.0,0.0,0.0,0.0,0.0,0.0,0.0,0.0,0.0,0.0,0.0,0.0,0.0,0.0,0.0,0.0,0.0
Morgan Bit 997,0.0,0.0,0.0,0.0,0.0,0.0,0.0,0.0,0.0,0.0,-0.8699889274841107,-1.2134566593909248,0.0,0.0,0.0,0.0,0.0,0.0,0.0,0.0,0.7135645113979566,0.0,0.0,0.0,0.0,0.0,0.0,0.0,0.0,0.0,0.0,0.0,0.0,0.0,0.0,0.0,0.0,0.7135645113979564,0.0,0.0,1.3045439288829337,0.0,0.0,0.0,0.0,0.0,0.0,0.0,0.0,0.0,0.5068340299791974,0.0,0.0,0.0,0.506834029979197,-0.5068340299791972,0.0,0.0,0.0,0.0,0.0,0.0,0.0,0.3567822556989782,0.0,0.0,0.0,0.0,0.0,0.0,0.0,0.0,0.0,0.0,0.0,0.0,0.0
Morgan Bit 1323,0.0,0.0,0.0,0.0,0.0,0.0,0.0,0.0,0.0,0.0,1.2080300574392409,0.0,0.0,0.0,0.0,0.0,0.0,0.0,0.0,0.0,0.0,0.0,0.0,0.0,0.0,0.0,0.0,0.0,0.0,0.0,0.0,0.0,0.0,0.0,0.0,0.0,0.0,-0.9999999999999993,0.0,0.0,0.0,0.0,0.0,0.0,0.0,0.0,0.0,0.0,0.0,0.0,-0.7102848052045767,0.0,0.0,0.0,0.0,0.7037684308449025,0.0,0.0,0.0,0.0,0.0,0.0,0.0,0.0,0.0,0.0,0.0,0.0,0.0,0.0,0.0,0.0,0.0,0.0,0.0,0.0,0.0
Morgan Bit 437,0.0,0.0,0.0,0.0,0.0,0.0,0.0,0.0,0.0,0.0,0.0,0.0,0.0,0.0,0.0,0.0,0.0,0.0,0.0,0.0,0.0,0.0,0.0,0.0,0.0,0.0,0.0,0.7039429765866793,0.0,0.0,0.0,0.0,0.0,0.0,0.0,0.0,0.0,0.0,0.0,0.0,0.0,0.0,0.0,0.0,0.0,0.0,0.0,0.0,0.0,0.0,0.0,0.0,0.0,0.0,0.0,0.0,0.0,0.0,0.0,0.0,0.0,0.0,0.0,0.0,0.0,0.0,0.0,0.0,0.0,0.0,0.0,0.0,0.0,0.0,0.0,0.0,0.0
Bit 159,0.0,0.0,0.0,0.0,0.0,0.0,0.0,0.0,0.0,0.0,0.0,0.0,0.0,0.0,0.0,0.0,0.0,0.0,0.0,0.0,0.0,0.0,0.0,0.0,0.0,0.0,0.0,0.0,0.0,0.0,0.0,0.0,0.0,0.0,0.0,0.0,0.0,0.0,0.0,0.0,0.14061225214016984,0.0,0.0,0.0,0.0,0.0,0.0,0.0,0.0,0.0,0.0,0.4134842630309816,0.0,0.0,0.0,0.0,0.0,0.0,0.0,0.0,0.0,0.0,0.0,0.0,0.0,0.0,0.0,0.0,0.0,0.0,-0.2163495891622568,0.0,0.0,0.0,0.0,0.0,0.0
Morgan Bit 1380,0.0,0.0,0.0,0.0,0.0,0.0,0.0,0.0,0.0,0.6123413846625656,0.0,0.0,0.0,0.0,0.0,0.0,0.0,0.0,0.0,0.0,0.0,0.0,0.0,0.0,0.0,0.0,0.0,0.0,0.0,0.0,0.0,0.0,0.0,0.0,0.0,0.0,0.0,0.0,0.0,0.0,0.1166251941952295,0.0,0.0,0.0,0.0,0.0,0.0,0.0,0.0,0.0,0.0,0.0,0.0,0.0,0.0,0.0,0.0,0.0,0.14563257206855137,0.0,0.0,0.0,0.0,0.0,0.0,0.0,0.0,0.0,0.0,0.0,0.0,0.0,0.0,0.0,0.0,0.0,0.0
Morgan Bit 784,0.0,0.0,0.0,0.0,0.0,0.0,0.0,0.0,0.0,0.0,0.0,0.0,0.0,0.0,0.0,0.0,0.0,0.0,0.0,0.0,0.0,0.0,0.0,0.0,0.0,0.0,0.0,0.0,0.0,0.0,0.5418236634849424,0.0,0.6744240993497629,0.0,0.0,0.0,0.0,0.0,0.0,0.0,0.0,0.0,0.0,0.0,0.0,0.0,0.0,0.0,0.0,0.0,0.0,0.0,0.0,0.0,0.0,0.0,0.0,0.0,0.0,0.0,0.0,0.0,0.0,0.0,0.0,0.0,0.0,0.0,0.0,0.0,0.0,0.0,0.0,0.0,0.0,0.0,0.0
Bit 142,0.0,0.0,0.0,0.0,0.0,0.0,0.0,0.0,0.0,0.0,0.0,0.0,0.0,0.0,0.0,0.0,0.0,0.0,0.0,0.0,0.0,0.0,0.0,0.0,0.0,0.0,0.0,0.0,0.0,0.0,0.0,0.0,0.0,0.0,0.0,0.0,0.0,0.0,0.0,0.0,0.0,0.0,0.0,0.0,0.0,0.0,0.0,0.0,0.0,0.0,0.0,0.0,0.0,0.0,0.0,0.0,0.0,0.0,0.0,0.0,0.0,0.0,0.0,0.0,0.0,0.0,0.0,0.0,0.0,0.0,0.0,0.0,0.0,0.0,0.0,0.0,0.0
Morgan Bit 1601,0.0,0.0,0.0,0.0,0.0,0.0,0.0,0.0,0.8054211623140084,0.0,0.0,0.0,0.0,0.0,0.0,0.0,0.0,0.0,0.0,0.0,0.0,0.0,0.0,0.0,0.0,0.0,0.0,-0.5825752650035355,0.0,0.0,0.0,0.0,0.0,0.0,0.0,0.0,0.0,0.0,0.0,0.0,0.0,0.0,0.0,0.0,0.0,0.0,0.0,0.0,0.0,0.0,0.0,0.0,0.0,0.0,0.0,0.0,0.0,0.0,0.0,0.0,0.0,0.0,0.0,0.0,0.0,0.0,0.0,0.0,0.0,0.0,0.0,0.0,0.0,0.0,0.0,0.0,0.0
Morgan Bit 1043,0.0,0.0,0.0,0.0,0.0,0.0,0.0,0.0,0.0,0.0,0.0,0.0,0.0,0.0,0.0,0.0,0.0,0.0,0.0,0.0,0.0,0.0,0.0,0.0,0.0,0.0,0.0,0.0,0.0,0.0,0.0,0.0,0.0,0.0,0.0,0.0,0.0,0.0,0.0,0.0,0.0,0.0,0.0,0.0,0.0,0.0,0.0,0.0,0.0,0.0,0.0,0.0,0.0,0.0,0.0,0.0,0.0,0.0,0.0,0.0,0.0,0.0,0.0,0.0,0.0,0.0,0.0,0.0,0.0,0.0,0.0,0.0,0.0,0.0,0.0,0.0,0.0
Bit 108,0.0,0.0,0.0,0.0,0.0,0.0,0.7061574695192397,-0.19120163061247908,-0.5373665764928058,0.0,0.0,0.40522982470550345,0.0,0.0,0.0,0.0,0.0,0.0,0.0,0.18528723478571582,-0.09060006473424898,0.0,0.0,0.0,-0.34533502676572275,0.0,0.0,0.0,0.0,0.0,0.3776280333122156,0.0,0.5071818161138583,-0.356129066539226,0.0,0.0,0.0,0.0,0.0,0.0,0.0,-0.44762636861674515,0.0,0.0,0.0,0.0,0.0,0.0,0.0,0.4065325713984293,0.0,0.0,0.0,0.0,-0.10115361150390846,0.3579046360763484,0.7637675980006098,0.0,0.0,0.5504475360961772,-0.24254304371150204,-0.3312630397695677,-0.43864114906275414,-0.17067321987767264,0.0,-0.7909405302249747,-0.18417268464549713,-0.49080795010414313,0.0,0.0,0.5000487752681331,0.0,0.3790439979236512,0.0,-0.22522187825639434,0.0,0.0
Morgan Bit 650,0.0,0.0,0.0,0.0,-0.1656077521639171,0.0,0.0,0.0,0.0,-0.21672180361111026,0.0,0.0,0.0,0.0,-0.08607743162400719,0.0,0.0,0.2647759435522507,0.0,0.19240742802634814,0.0,0.0,0.0,0.0,0.0,0.0,0.0,0.0,0.0,0.0,-0.22277190090626503,0.08257867854797224,0.0,0.0,0.0,0.0,0.0,0.0,0.0,0.0,-0.22235889675687903,0.24870215129690537,0.0,0.17201646582193947,0.31731536289651546,0.0,0.0,0.0,0.22290538110152305,0.0,0.0,0.0,0.1956758435578699,0.3324254349685601,0.0,0.0,0.0,0.0,0.0,0.0,0.0,0.0,0.0,0.0,0.0,0.08797848866646858,0.06438989190899772,0.0,0.0,0.0,0.0,0.0,0.0,0.0,0.0,0.0,0.0
Morgan Bit 1293,0.0,0.0,0.0,0.0,0.0,0.0,0.0,0.0,0.0,0.0,0.0,0.0,0.0,0.0,0.0,0.0,0.0,0.0,0.0,0.0,0.0,0.0,0.0,0.0,0.0,0.0,0.0,0.0,0.0,0.0,0.0,0.0,0.0,0.0,0.0,0.0,0.0,0.0,0.0,0.0,0.0,0.0,0.0,0.0,0.0,0.0,0.0,0.0,0.0,0.0,0.0,0.0,0.0,0.0,0.0,0.0,0.0,0.0,0.0,0.0,0.0,0.0,0.0,0.0,0.0,0.0,0.0,0.0,0.0,0.0,0.0,0.0,0.0,0.0,0.0,0.0,0.0
Morgan Bit 45,0.0,0.0,0.0,0.0,0.0,0.0,0.0,0.0,0.0,0.0,0.0,0.0,0.0,0.0,0.0,0.0,0.0,0.0,0.0,0.0,0.0,0.0,0.0,0.0,0.0,0.0,0.0,0.0,0.0,0.0,0.0,0.0,0.0,0.0,0.0,0.0,0.0,0.0,0.0,0.0,0.0,0.0,0.0,0.0,0.0,0.0,0.0,0.0,0.0,0.0,0.0,0.0,0.0,0.0,0.0,0.0,0.0,0.0,0.0,0.0,0.0,0.0,0.0,0.0,0.0,0.0,0.0,0.0,0.0,0.0,0.0,0.0,0.0,0.0,0.8128103472893656,0.0,0.0
Morgan Bit 1444,0.0,0.0,0.0,0.0,0.0,0.0,0.0,0.0,0.0,0.0,0.0,0.0,0.0,0.0,0.0,0.0,0.0,0.0,0.0,0.0,0.0,0.0,0.0,0.0,0.0,0.0,0.0,0.0,0.0,0.0,0.0,0.0,0.0,0.0,0.0,0.0,0.0,0.29748416792074284,0.0,0.0,0.0,0.0,0.0,0.0,0.0,0.0,0.0,0.0,0.0,0.0,0.0,0.0,0.0,0.0,0.0,0.0,0.0,0.0,0.0,0.0,0.0,0.0,0.0,0.0,0.0,0.0,0.0,0.0,0.0,0.0,0.0,0.0,0.0,0.0,0.0,0.0,0.0
Morgan Bit 1405,0.0,0.0,0.0,0.0,0.0,0.0,0.0,0.0,0.0,0.0,0.0,0.9214836820231705,0.0,0.0,0.0,0.0,0.0,0.0,0.0,0.0,0.0,0.0,0.0,0.0,0.0,0.0,0.0,0.0,0.0,0.0,0.0,0.0,0.0,0.0,0.0,0.0,0.0,0.0,0.0,0.0,0.0,0.0,0.0,0.0,0.0,0.0,0.0,0.0,0.0,0.0,0.0,0.0,0.0,0.0,0.0,0.0,0.0,0.0,0.0,0.0,0.0,0.0,0.0,0.0,0.0,0.0,0.0,0.0,0.0,0.0,0.0,0.0,0.0,0.0,0.0,0.0,0.0
Morgan Bit 1260,0.0,0.0,0.0,0.0,0.0,0.0,0.0,0.0,0.8126050921511625,0.0,0.0,0.0,0.0,0.0,0.0,0.0,0.0,0.0,0.0,0.0,0.0,0.0,0.0,0.0,0.0,0.0,0.0,-0.5825752650035356,0.0,0.0,0.0,0.0,0.0,0.0,0.0,0.0,0.0,0.0,0.0,0.0,0.0,0.0,0.0,0.0,0.0,0.0,0.0,0.0,0.0,0.0,0.0,0.0,0.8126050921511632,0.0,0.0,0.0,0.0,0.0,0.0,-0.8201995322647248,0.0,0.0,0.0,0.0,0.0,0.5771810495868417,0.0,0.0,0.0,0.0,0.0,0.0,0.0,0.0,0.0,0.0,0.0
Bit 162,0.0,0.0,0.033640070575859035,0.0,0.0,-0.21335091972254283,0.0,0.011927797521586956,0.1459632612056138,0.9928049918822844,-0.17165524658778955,-0.4644631777765705,0.0,0.0,0.0,0.0,0.0,0.0,0.0,0.008251043723352511,0.12096898919864635,0.0,0.0,0.0,0.0,0.02520517381245797,0.0,0.0,0.038176701562582,0.0,0.0,0.37913741761079167,0.0,0.0,0.0,0.0,0.0,0.14467110490189125,0.0,0.0,0.5426601627075909,-0.05653145637053914,0.0,0.0,0.0,0.0,0.0,0.24348751690225948,0.0,0.0,0.10275768756397116,0.0,0.0,0.0,-0.3091269443499282,-0.12176719614945547,0.0,0.0,0.0,-0.13817398818321078,0.0,0.0,0.0,0.0,0.0,0.10818939602891654,-0.3744074076715168,0.16203701785370064,-0.06350605820249954,0.0,0.0,0.0,0.0,0.012173965630059637,-0.293913767772207,0.0,0.0
Morgan Bit 1453,0.0,0.0,0.0,0.0,0.0,0.0,0.0,0.0,0.0,0.0,0.0,0.0,0.0,0.0,0.0,0.0,0.0,0.0,0.0,0.0,0.0,0.0,0.0,0.0,0.0,0.0,0.0,0.0,0.0,0.0,0.0,0.0,0.0,0.0,0.6273976873843023,0.0,0.0,0.0,0.0,0.0,0.0,0.0,0.0,0.0,0.0,0.0,0.0,0.0,0.0,0.0,0.0,0.0,0.0,0.0,0.0,0.0,0.09850675297594165,0.0,0.0,0.0,0.0,0.0,0.0,0.0,0.0,0.0,0.0,0.0,0.0,0.0,0.0,0.0,0.0,0.0,0.0,0.0,0.0
Morgan Bit 36,0.0,0.0,0.0,0.0,0.0,0.0,0.0,0.0,0.0,0.0,0.0,0.0,0.0,0.0,0.0,0.0,0.0,0.0,0.0,0.0,0.0,0.0,0.0,0.0,0.0,0.0,0.0,0.0,0.0,0.0,0.0,0.0,0.0,0.0,0.0,0.0,0.0,0.0,0.0,0.0,0.0,0.0,0.0,0.0,0.0,0.0,0.0,0.0,0.0,0.0,0.0,0.0,0.0,0.0,0.0,0.7039429765866796,0.0,0.0,0.0,0.0,0.0,0.0,0.0,0.0,0.0,0.0,0.0,0.0,0.0,0.0,0.0,0.0,0.0,0.0,0.0,0.0,0.0
Morgan Bit 1873,0.0,0.0,0.0,0.03782474690841278,0.0,0.0,0.0,0.0,0.0,0.0,0.0,0.5031290359977713,0.0,0.0,0.0,0.0,0.0,0.0658779434442477,0.0,0.0,0.0,0.0,0.0,0.981091917296571,0.0,0.0,0.0,0.0,0.0,0.0,0.2642563741670327,0.0,-0.23793348397329472,0.0,0.0,0.0,0.0,0.0,0.0,0.05557960957885694,-0.5321147994668095,0.0,0.0,0.0,0.0,0.0,0.0,0.0,0.0,0.0,0.0,0.0,0.0,0.0,0.0,0.0,-0.022608082683629894,0.0,0.0,0.0,-0.32167132083056693,0.0,0.0,0.0,0.2869844704760111,0.0,0.0,0.0,0.0,0.0,0.0,0.0,0.0,-0.0697878825615799,0.0,0.0,0.0
Morgan Bit 1928,0.0,0.0,0.0,0.0,0.0,0.0,0.0,0.0,0.0,0.0,0.0,0.0,0.0,0.0,0.0,0.0,0.0,0.0,0.0,0.0,0.0,0.0,0.0,0.0,0.0,0.0,0.16497947439282923,0.0,0.0,0.0,0.0,0.0,0.0,0.0,0.0,0.0,0.7895293869900577,0.0,0.0,0.0,0.0,0.0,0.0,0.0,0.0,0.0,0.0,0.0,0.0,0.0,0.0,0.0,0.0,0.0,0.0,0.0,0.0,0.0,0.0,0.0,0.0,0.0,0.0,0.0,0.0,0.0,0.0,0.0,0.0,0.0,0.0,0.0,0.0,0.0,0.0,0.0,0.0
Morgan Bit 950,0.0,0.0,0.0,0.0,0.0,0.0,0.0,0.0,0.0,0.0,0.0,0.9214836820231704,0.0,0.0,0.0,0.0,0.0,0.0,0.0,0.0,0.0,0.0,0.0,0.0,0.0,0.0,0.0,0.0,0.0,0.0,0.0,0.0,0.0,0.0,0.0,0.0,0.0,0.0,0.0,0.0,0.0,0.0,0.0,0.0,0.0,0.0,0.0,0.0,0.0,0.0,0.0,0.0,0.0,0.0,0.0,0.0,0.0,0.0,0.0,0.0,0.0,0.0,0.0,0.0,0.0,0.0,0.0,0.0,0.0,0.0,0.0,0.0,0.0,0.0,0.0,0.0,0.0
Bit 97,0.0,0.0,0.0,0.0,0.0,0.0,0.0,0.0,0.0,0.0,0.0,0.0,0.0,0.0,0.0,0.0,0.0,0.0,0.0,0.0,0.0,0.0,0.0,0.0,0.0,0.0,0.0,0.0,0.0,0.0,0.0,0.23215189114277585,0.0,0.0,0.0,0.0,0.0,0.0,0.0,0.0,0.0,0.0,0.0,0.0,0.0,0.0,0.0,0.0,0.0,0.0,0.0,0.0,0.0,0.0,0.0,0.0,0.0,0.0,0.0,0.0,0.0,0.0,0.0,0.0,0.0,0.0,0.0,0.0,0.0,0.0,0.0,0.0,0.0,0.0,0.0,0.0,0.0
Morgan Bit 1683,0.0,0.0,0.0,0.0,0.0,0.0,0.0,0.0,0.0,0.0,-0.6534186965443585,-0.9301769243064086,0.0,0.0,0.0,0.0,0.0,0.0,0.0,0.0,0.5359337092787086,0.0,0.0,0.0,0.0,0.0,0.0,0.0,0.0,0.0,0.0,0.0,0.0,0.0,0.0,0.0,0.0,0.5248835297059516,0.0,0.0,0.9797979797979802,0.0,0.0,0.0,0.0,0.0,0.0,0.0,0.0,0.0,0.37281679565228315,0.0,0.0,0.0,0.38066557029759396,-0.38066557029759435,0.0,0.0,0.0,0.0,0.0,0.0,0.0,0.5359337092787085,0.0,0.0,0.0,0.0,0.0,0.0,0.0,0.0,0.0,0.0,0.0,0.0,0.0
Morgan Bit 1750,0.0,0.0,0.0,0.0,0.0,0.0,0.0,0.0,0.0,0.0,0.0,0.46399542077806905,0.0,0.0,0.0,0.0,0.0,0.0,0.0,0.0,0.0,-0.2728491892611795,0.0,1.0129940481808857,0.0,0.0,0.0,0.19380063324460364,0.0,0.0,0.27284918926117996,0.0,0.0,0.0,0.0,0.0,0.0,0.0,0.0,0.0,-0.4988249102438773,0.0,0.0,0.0,0.0,0.0,0.0,0.0,0.0,0.0,0.0,0.0,0.0,0.0,0.0,0.0,0.0,0.0,0.0,0.0,-0.33266196642150087,0.0,0.0,0.0,0.0,0.0,0.0,0.0,0.0,0.0,0.0,0.0,0.0,0.0,0.0,0.0,0.0
Bit 136,0.0,0.0,0.0,0.0,0.0,0.0,0.0,0.0,0.0,0.0,0.0,0.0,0.0,0.0,0.0,0.0,0.0,0.0,0.0,0.0,0.0,0.0,0.0,0.0,0.0,0.0,0.0,0.0,0.0,0.0,0.0,0.0,0.0,0.0,0.0,0.0,0.0,0.0,0.0,0.0,0.0,0.0,0.0,0.0,0.0,0.0,0.0,0.0,0.0,0.0,0.0,0.0,0.0,0.0,0.0,0.0,0.0,0.0,0.0,0.0,0.0,0.0,0.0,0.0,0.0,0.0,0.0,0.0,0.0,0.0,0.0,0.0,0.0,0.0,0.0,0.0,0.0
Morgan Bit 1952,0.0,0.0,0.0,0.0,0.0,0.0,0.0,0.0,0.0,0.0,0.0,0.0,0.0,0.0,0.0,0.0,0.0,0.0,0.0,0.0,0.0,0.0,0.0,0.0,0.0,0.0,0.0,0.0,0.0,0.0,0.0,0.0,0.0,0.0,0.0,0.0,0.0,0.0,0.0,0.0,0.0,0.0,0.0,0.0,0.0,0.0,0.0,0.0,0.0,0.0,0.0,0.0,0.0,0.0,0.0,0.0,0.0,0.0,0.0,0.0,0.0,0.0,0.0,0.0,0.0,0.7039429765866796,0.0,0.0,0.0,0.0,0.0,0.0,0.0,0.0,0.0,0.0,0.0
Morgan Bit 419,0.0,0.0,0.0,0.0,0.0,0.0,0.0,0.0,0.0,0.0,0.0,0.0,0.0,0.0,0.0,0.0,0.0,0.0,0.0,0.0,0.0,0.0,0.0,0.0,0.0,0.0,0.0,0.0,0.0,0.0,0.0,0.0,0.0,0.0,0.0,0.0,0.0,0.0,0.0,0.0,0.0,0.0,0.0,0.0,0.0,0.0,0.0,0.0,0.0,0.0,0.0,0.0,0.0,0.0,0.0,0.0,0.0,0.0,0.0,0.0,0.0,0.0,0.0,0.0,0.0,0.0,0.0,0.0,0.0,0.0,0.0,0.0,0.0,0.0,0.0,0.0,0.0
Bit 31,0.0,0.0,0.0,0.0,0.0,0.880765278458271,0.0,0.0,-0.6411794687223781,0.0,-0.7817359599705718,0.0,0.0,0.0,0.0,0.0,0.0,0.0,0.0,0.0,0.6284828455793606,0.0,0.0,0.0,0.0,0.0,0.0,0.0,0.0,0.0,0.0,0.0,0.0,0.0,0.0,0.0,0.0,0.6284828455793612,0.0,0.0,0.0,0.0,0.0,0.0,0.0,0.0,0.0,0.0,0.0,0.0,0.44640181554675507,0.0,0.0,0.0,0.44640181554675457,-0.4554200340426485,0.0,0.0,0.0,0.6284828455793602,0.0,0.0,0.0,0.0,0.0,-0.45542003404265025,0.0,-0.6411794687223783,0.0,0.0,0.0,0.0,0.0,0.0,0.0,0.0,0.0
Bit 125,0.0,0.0,0.0,0.0,0.0,0.0,0.0,0.0,0.0,0.0,0.0,0.0,0.0,0.0,0.0,0.0,0.0,0.0,0.0,0.0,0.0,0.0,0.0,0.0,0.0,0.0,0.0,0.0,0.0,0.0,0.0,0.0,0.0,0.0,0.0,0.0,0.0,0.0,0.0,0.0,0.0,0.0,0.0,0.0,0.0,0.0,0.0,0.0,0.0,0.0,0.0,0.0,0.0,0.0,0.0,0.0,0.0,0.0,0.0,0.0,0.0,0.0,0.0,0.0,0.0,0.0,0.0,0.0,0.0,0.0,0.0,0.0,0.0,0.0,0.0,0.0,0.0
Morgan Bit 926,0.0,0.0,0.0,0.0,0.0,0.0,0.0,0.0,0.0,0.0,-0.5601324455821596,-0.7894941233940806,0.0,0.0,0.0,0.0,0.0,0.0,0.0,-0.6506158397040345,0.45942036987278334,0.0,0.0,0.0,0.0,0.0,0.0,0.0,0.0,0.0,-0.46425637376618156,0.0,0.0,0.0,0.0,0.0,0.0,0.45458436597938534,0.0,0.0,1.6886726692781815,0.0,0.0,0.0,0.0,0.0,0.0,0.0,0.0,0.0,0.3228843678387147,0.0,0.0,0.0,0.3263193079221044,-0.32631930792210406,0.0,0.0,0.0,0.0,0.5601324455821605,0.0,0.0,0.4594203698727836,0.0,0.0,0.0,0.0,0.0,0.0,0.0,0.0,0.0,0.0,0.0,0.0,0.0
Morgan Bit 473,0.0,0.0,0.0,0.0,0.0,0.0,0.0,0.0,0.0,0.0,0.0,0.0,0.0,0.0,0.0,0.0,0.0,0.0,0.0,0.0,0.0,0.0,0.0,0.0,0.0,0.0,0.0,0.0,0.0,0.0,0.0,0.0,0.0,0.0,0.0,0.0,0.0,0.0,0.0,0.0,0.0,0.0,0.0,0.0,0.0,0.0,0.0,0.0,0.0,0.0,0.0,0.0,0.0,0.0,0.0,0.0,0.0,0.0,0.0,0.0,0.0,0.0,0.0,0.0,0.0,0.0,0.0,0.0,0.0,0.0,0.0,0.0,0.0,0.0,0.0,0.0,0.0
Bit 91,0.0,0.0,0.0,0.0,0.0,0.0,0.0,0.10677961790994599,0.0,0.0,0.0,0.0,0.0,0.0,0.0,0.0,0.0,0.0,0.0,0.0,0.0,0.0,0.0,0.0,0.0,0.0,0.0,0.214563466869529,0.1465607493504806,0.0,-0.32748492608300916,0.0,-0.4642907289952727,0.0,0.0,0.0,0.0,0.0,0.0,0.0,0.0,0.0,0.0,0.0,0.0,0.11233701621883255,0.0,0.0,0.0,-0.01242431787269247,0.0,0.0,0.0,0.6791147995967545,0.0,0.0,0.0,0.0,0.0,0.0,0.0,0.10509738541920496,-0.07315588228969608,0.0,0.0,0.0,0.0,0.0,0.22710857116939479,0.3689823479915933,0.0,0.0,0.0,0.0,0.0,0.0,0.0
Morgan Bit 67,0.0,0.0,0.0,0.0,0.0,0.0,0.0,0.0,-0.9999999999999998,0.0,0.0,0.0,0.0,0.0,0.0,0.0,0.0,0.0,0.0,0.0,0.0,0.0,0.0,0.0,0.0,0.0,0.0,0.7038276706118084,0.0,0.0,0.0,0.0,0.0,0.0,0.0,0.0,0.0,0.0,0.0,0.0,0.0,0.0,0.0,0.0,0.0,0.0,0.0,0.0,0.0,0.0,0.0,0.0,0.0,0.0,0.0,0.0,0.0,0.0,0.0,0.9909090909090905,0.0,0.0,0.0,0.0,0.0,0.0,0.0,0.0,0.0,0.0,0.0,0.0,0.0,0.0,0.0,0.0,0.0
Morgan Bit 1143,0.0,0.0,0.0,0.0,0.0,0.0,0.0,0.0,0.0,0.0,0.0,0.0,0.0,0.0,0.0,0.0,0.0,0.0,0.0,0.0,0.0,0.0,0.0,0.0,0.6199398908608033,0.0,0.0,0.0,0.0,0.0,0.0,0.0,0.246803486625483,0.0,0.0,0.0,0.0,0.0,0.0,0.0,0.0,0.0,0.0,0.0,0.0,0.0,0.0,0.0,0.0,0.0,0.0,0.0,0.0,0.0,0.0,0.0,0.0,0.0,0.0,0.0,0.0,0.0,0.0,0.0,0.0,0.0,0.0,0.0,0.0,0.0,0.0,0.0,0.0,0.0,0.0,0.0,0.0
Morgan Bit 624,0.0,0.0,0.0,0.0,0.0,0.0,0.0,0.0,0.0,0.0,0.0,0.0,0.0,0.0,0.0,0.0,0.0,0.0,0.0,0.0,0.0,0.0,0.0,0.0,0.0,0.0,0.0,0.0,0.0,0.0,0.0,0.0,0.0,0.0,0.0,0.0,0.0,0.0,0.0,0.0,0.0,0.0,0.0,0.0,0.0,0.0,0.0,0.0,0.0,0.0,0.0,0.0,0.0,0.0,0.0,0.0,0.0,0.0,0.0,0.0,0.0,0.0,0.0,0.0,0.0,0.0,0.0,0.0,0.0,0.0,0.0,0.0,0.0,0.0,0.0,0.0,0.0
Morgan Bit 565,0.0,0.0,0.0,0.0,0.0,0.0,0.0,0.0,0.0,0.0,0.0,0.0,0.0,0.0,0.0,0.0,0.0,0.0,0.0,0.0,0.0,0.0,0.0,0.0,0.0,0.0,0.0,0.0,0.0,0.0,0.0,0.0,0.0,0.0,0.0,0.0,0.0,0.0,0.0,0.0,0.0,0.0,0.0,0.0,0.0,0.0,0.0,0.0,0.0,0.0,0.0,0.0,0.0,0.0,0.0,0.0,0.0,0.0,0.0,0.0,0.0,0.0,0.0,0.0,0.0,0.0,0.0,0.0,0.0,0.0,0.0,0.0,0.0,0.0,0.0,0.0,0.0
Bit 96,0.0,0.0,0.0,0.36358018061542624,0.0,-0.5912064276015109,0.0,0.032200196980343355,0.0,0.0,0.0,-0.4472171206610496,0.0,0.0,0.0,0.0,0.0,0.0,0.3381938941436253,-0.6529122350354728,0.0,0.0,0.0,0.0,0.0,0.0,0.0,0.0,0.0,0.0,-0.46861196217770656,-0.24544699153562485,0.0,0.0,0.0,0.0,0.0,-0.46997044327714077,0.0,0.0,0.48568892647804784,0.0,0.0,0.0,0.0,0.0,0.0,0.721752294720674,0.0,-1.0093818602342284,0.0,0.0,0.0,0.0,0.0,0.33207763432285126,0.0,0.0,0.0,0.0,0.5683604260777473,0.0,1.007045811635206,0.46481047452731217,0.0,0.35017384764476467,0.24246844003095258,0.0,0.0,0.0,0.0,0.0,0.0,0.0,0.4713289243765755,0.0,0.0
Bit 82,0.0,0.0,0.0,0.0,0.0,0.0,0.0,0.0,0.0,0.0,0.0,0.0,0.0,0.0,0.0,0.0,0.0,0.0,0.0,0.0,0.0,0.0,0.0,0.0,0.0,0.0,0.0,0.0,0.0,0.0,0.0,0.0,0.0,0.0,0.0,0.0,0.0,0.0,0.0,0.0,0.0,0.0,0.0,0.0,-0.25865187025548947,0.0,0.0,0.0,0.0,0.0,0.0,0.0,0.0,0.0,0.0,0.0,0.0,0.0,0.0,0.0,0.0,0.0,0.0,0.0,0.0,0.0,0.0,0.0,0.0,0.0,0.0,0.0,0.0,0.0,0.0,0.0,0.0
Morgan Bit 1357,0.0,0.0,0.0,0.0,0.0,0.0,0.0,0.0,0.0,0.0,-0.1173135001788584,0.0,0.0,0.0,0.0,0.0,0.0,0.0,0.0,0.0,0.0,0.0,0.0,0.0,0.0,0.0,0.0,0.0,0.0,0.0,0.0,0.6990851661601771,0.0,0.0,0.0,0.0,0.0,0.0,0.0,0.0,-0.27421884049229234,0.0,0.0,0.0,0.0,0.0,0.0,0.0,0.0,-0.2079089562334555,0.0,0.0,0.0,0.0,0.0,0.0,0.0,0.0,0.0,0.0,0.0,0.0,0.5290365827669026,0.0,0.0,0.0,0.0,0.0,0.0,0.0,0.0,0.0,0.0,0.0,0.0,0.0,0.0
Morgan Bit 500,0.0,0.0,0.0,0.0,0.0,0.0,0.0,0.0,0.9909909909909907,0.0,0.0,0.0,0.0,0.0,0.0,0.0,0.0,0.0,0.0,0.0,0.0,0.0,0.0,0.0,0.0,0.0,0.0,-0.7102848052045779,0.0,0.0,0.0,0.0,0.0,0.0,0.0,0.0,0.0,0.0,0.0,0.0,0.0,0.0,0.0,0.0,0.0,0.0,0.0,0.0,0.0,0.0,0.0,0.0,0.0,0.0,0.0,0.0,0.0,0.0,0.0,0.0,0.0,0.0,0.0,0.0,0.0,0.0,0.0,0.0,0.0,0.0,0.0,0.0,0.0,0.0,0.0,0.0,0.0
Morgan Bit 1646,0.0,0.0,0.0,0.0,0.0,0.0,0.0,0.0,0.0,0.0,0.0,0.0,0.0,0.0,0.0,0.0,0.0,0.0,0.0,0.0,0.0,0.0,0.0,0.0,0.0,0.0,0.0,0.0,0.0,0.0,0.8128103472893663,0.0,0.0,0.0,0.0,0.0,0.0,0.0,0.0,0.0,0.0,0.0,0.0,0.0,0.0,0.0,0.0,0.0,0.0,0.0,0.0,0.0,0.0,0.0,0.0,0.0,0.0,0.0,0.0,0.0,0.0,0.0,0.0,0.0,0.0,0.0,0.0,0.0,0.0,0.0,0.0,0.0,0.0,0.0,0.0,0.0,0.0
Morgan Bit 1838,0.0,0.0,0.0,0.0,0.0,0.0,0.0,0.0,0.0,0.0,0.0,0.0,0.0,0.0,0.0,0.0,0.0,0.0,0.0,0.0,0.0,0.0,0.0,0.0,0.0,0.0,0.0,0.0,0.0,0.0,0.0,0.0,0.0,0.0,0.0,0.0,0.0,0.0,0.0,0.0,0.0,0.0,0.0,0.0,0.0,0.0,0.0,0.0,0.0,0.0,0.0,0.0,0.0,0.0,0.0,0.0,0.0,0.0,0.0,0.0,0.0,0.0,0.0,0.0,0.0,-0.41767790061294396,0.0,0.0,0.0,0.0,0.9001429318703998,0.0,0.0,0.0,0.0,0.0,0.0
Morgan Bit 656,0.0,0.0,0.0,0.0,0.0,0.0,0.0,0.0,0.0,0.0,0.5610917288890938,0.777576231561564,0.0,0.0,0.0,0.0,0.0,0.0,0.0,0.6405761454315141,-0.46114160440176527,0.0,0.0,0.0,0.0,0.0,0.0,0.0,0.0,0.0,0.45864978891023284,0.0,0.0,0.0,0.0,0.0,0.0,0.0,0.0,0.0,-0.8342361104000156,0.0,0.0,0.0,0.0,0.0,0.0,0.0,0.0,0.987923515598792,-0.3303073413433108,0.0,0.0,0.0,-0.3280949679920489,0.0,0.0,0.0,0.0,0.0,-0.5650791827999815,0.0,0.0,-0.4626989890839743,0.0,0.0,0.0,0.0,0.0,0.0,0.0,0.0,0.0,0.0,0.0,0.0,0.0
Morgan Bit 1490,0.0,0.0,0.0,0.0,0.0,0.0,0.0,0.0,0.0,0.0,0.0,0.0,0.0,0.0,0.0,0.0,0.0,0.0,0.0,0.0,0.0,0.0,0.0,0.0,0.0,0.0,0.0,0.0,0.0,0.0,0.0,0.0,0.0,0.0,0.0,0.0,0.0,0.0,0.0,0.0,0.0,0.0,0.0,0.0,0.0,0.0,0.0,0.0,0.0,0.0,0.0,0.0,0.0,0.0,0.0,0.0,0.0,0.0,0.0,0.0,0.0,0.0,0.0,0.0,0.0,0.0,0.0,0.0,0.0,0.0,0.0,0.0,0.0,0.0,0.0,0.0,0.0
Morgan Bit 591,0.0,0.0,0.0,0.0,0.0,0.0,0.0,0.0,0.0,0.0,0.0,0.0,0.0,0.0,0.0,0.0,0.0,0.0,0.0,0.0,0.0,0.0,0.0,0.0,0.0,0.0,0.0,0.0,0.0,0.0,0.0,0.0,0.7795119555779044,0.0,0.0,0.0,0.0,0.0,0.0,0.0,0.0,0.0,0.0,0.0,0.0,0.0,0.0,0.0,0.0,0.0,0.0,0.0,0.0,0.0,0.0,0.0,0.0,0.0,0.0,0.0,0.0,0.0,0.0,0.0,0.0,0.0,0.0,0.0,0.0,0.0,0.0,0.0,0.0,0.0,0.0,0.0,0.0
Morgan Bit 976,0.0,0.0,0.0,0.0,0.0,0.0,0.0,0.0,0.0,0.0,0.0,0.0,0.0,0.0,0.0,0.0,0.0,0.0,0.0,0.0,0.0,0.0,0.0,0.0,0.0,0.0,0.0,0.0,0.0,0.0,0.0,0.0,0.0,0.0,0.0,0.0,0.0,0.0,0.0,0.0,0.0,0.0,0.0,0.0,0.0,0.0,0.0,0.0,0.0,0.0,0.0,0.0,0.0,0.0,0.0,0.0,0.0,0.0,0.0,0.0,0.0,0.0,0.0,0.0,0.0,0.0,0.0,0.0,0.0,0.0,0.0,0.0,0.0,0.0,0.0,0.0,0.0
Morgan Bit 1741,0.0,0.0,0.0,0.0,0.0,0.0,0.0,0.0,0.2724915389583802,0.0,0.0,-1.3947955210189593,0.0,0.0,0.0,0.0,0.0,0.0,0.0,0.0,0.0,0.0,0.0,0.0,0.0,0.0,-0.3355481727574742,-0.19548206566563875,0.0,0.0,0.0,0.9966777408637867,0.0,0.0,0.0,0.0,0.0,0.0,0.0,0.0,1.4945131539278809,0.0,0.0,0.0,0.0,0.0,0.0,0.0,0.0,0.0,0.0,0.0,0.0,0.0,0.0,0.0,0.0,0.0,0.0,0.0,0.0,0.0,0.0,0.0,0.0,0.0,0.0,0.0,0.0,0.0,0.0,0.0,0.0,0.0,-0.27249153895838,0.0,0.0
Morgan Bit 1633,0.0,0.0,0.0,0.0,0.0,0.0,0.0,0.0,-1.0,0.0,0.0,0.0,0.0,0.0,0.0,0.0,0.0,0.0,0.0,0.0,0.0,0.0,0.0,0.0,0.0,0.0,0.0,0.7038276706118084,0.0,0.0,0.0,0.0,0.0,0.0,0.0,0.0,0.0,0.0,0.0,0.0,0.0,0.0,0.0,0.0,0.0,0.0,0.0,0.0,0.0,0.0,0.0,0.0,0.0,0.0,0.0,0.0,0.0,0.0,0.0,0.9909090909090909,0.0,0.0,0.0,0.0,0.0,0.0,0.0,0.0,0.0,0.0,0.0,0.0,0.0,0.0,0.0,0.0,0.0
Bit 89,0.0,0.0,0.0,-0.14454526041848603,0.0,0.0,0.0,0.0,0.0,0.0,0.0,0.0,0.0,0.0,0.0,0.0,0.0,0.0,-0.2016789986387042,0.0,0.0,0.0,0.0,0.0,0.0,0.0,0.0,0.0,0.0,0.0,0.0,0.0,0.0,0.0,0.0,0.0,0.0,0.0,0.0,0.0,0.0,0.0,0.0,0.0,0.0,0.0,0.0,0.0,0.0,0.0,0.0,0.0,0.21768821703784183,0.0,0.0,0.0,0.5572320563245537,0.0,0.0,0.0,0.0,0.0,-0.1532004987055196,0.0,0.0,0.0,0.0,0.19166873322193018,0.0,-0.3488560011263249,0.0,0.0,0.0,0.0,-0.24869475257944998,0.3970458129264583,0.0
Morgan Bit 1723,0.0,0.0,0.0,0.0,0.0,0.0,0.0,0.0,0.0,0.0,0.0,0.0,0.0,0.0,0.0,0.0,0.0,0.0,0.0,0.0,0.0,0.0,0.0,0.0,0.0,0.0,0.0,0.0,0.0,0.0,0.0,0.0,0.0,0.0,0.0,0.0,0.0,0.0,0.0,0.0,0.0,0.0,0.0,0.0,0.0,0.0,0.0,0.0,0.0,0.0,0.0,0.0,0.29748416792074295,0.0,0.0,0.0,0.0,0.0,0.0,0.0,0.0,0.0,0.0,0.0,0.0,0.0,0.0,0.0,0.0,0.0,0.0,0.0,0.0,0.0,0.0,0.0,0.0
Morgan Bit 1430,0.0,0.0,0.0,0.0,0.0,0.0,0.0,0.0,0.0,0.0,0.0,1.0691897414973528,0.0,0.0,0.0,0.0,0.0,0.0,0.0,0.0,0.0,0.0,0.0,0.0,0.0,0.0,0.0,0.0,0.0,0.0,0.0,0.0,0.0,0.0,0.0,0.0,0.0,0.0,0.0,0.0,-1.1722090573247057,0.0,0.0,0.0,0.0,0.0,0.0,0.0,0.0,0.0,0.0,0.0,0.0,0.0,0.0,0.0,0.0,0.0,0.0,0.0,0.0,0.0,0.0,0.0,0.0,0.44657692658551024,0.7665566209420169,0.0,0.0,0.0,0.0,0.0,0.0,0.0,0.0,0.0,0.0
Bit 104,0.0,0.0,0.0,0.0,0.0,0.0,0.0,0.0,0.0,0.0,0.0,0.0,0.0,0.0,0.0,0.0,0.0,0.0,0.0,0.0,0.0,0.0,0.0,0.0,0.0,0.0,0.0,0.0,0.0,0.0,0.0,0.0,0.0,0.0,0.0,0.1982980820256239,0.0,0.0,0.0,0.0,-0.09008751990940875,0.2738420050611818,0.0,0.0,0.0,0.0,0.0,0.0,0.0,0.0,0.18008477975420153,0.6409948532032762,0.0,0.0,0.0,0.0,0.0,0.0,0.0,0.0,0.0,0.0,0.0,0.0,0.0,0.0,0.0,0.0,0.0,0.0,0.0,0.0,0.0,0.0,0.0,0.0,0.0
Bit 69,0.0,0.0,0.0,0.0,0.0,0.0,0.0,0.08646386280114317,0.0,0.0,0.0,-2.182155243384179,0.0,0.0,0.0,0.0,0.0,0.0,0.0,0.0,0.0,0.0,0.0,0.0,0.0,0.0,0.0,0.0,0.0,0.0,0.0,0.3957160611393085,0.0,0.8748599794910106,0.0,0.0,0.0,0.0,0.0,0.0,1.455600495719551,0.17445872621005404,0.0,0.0,0.0,0.0,0.0,0.0,0.0,0.0,0.0,0.0,0.0,0.0,0.0,0.0,0.0,0.0,0.0,0.0,0.0,0.7662187815578951,0.0,0.0,0.0,0.0,-0.9810618530397939,0.0,0.0,0.0,0.0,0.0,0.0,0.0,0.0,0.0,0.0
Morgan Bit 1226,0.0,0.0,0.0,0.0,0.0,-0.0221358949737108,0.0,0.0,0.0,0.0,0.0,0.0,0.0,0.0,0.0,0.0,0.0,0.0,0.0,0.0,0.0,0.0,0.0,0.0,0.0,0.0,0.0,0.0,0.0,0.0,0.0,0.0,0.0,0.0,0.0,0.0,0.6279838734226602,0.0,0.0,0.0,0.0,0.0,0.0,0.0,0.0,0.0,0.0,0.0,0.0,0.0,0.0,0.0,-0.2756821907651376,0.0,0.0,0.0,0.0,0.0,0.0,0.0,0.0,0.0,0.0,0.0,0.0,-0.24398074321751353,0.0,0.0,0.2749254315616949,0.0,0.0,0.0,0.0,0.0,0.0,0.0,0.0
Morgan Bit 439,0.0,0.0,0.0,0.0,0.0,0.0,0.0,0.0,-0.5000000000000001,0.0,0.0,0.0,0.0,0.0,0.0,0.0,0.0,0.0,0.0,0.0,0.0,0.0,0.0,0.0,0.0,0.0,0.5984222969722093,0.3486260282426173,0.0,0.0,0.0,0.0,0.0,0.0,0.0,0.0,0.0,0.0,0.0,0.0,0.0,0.0,0.0,0.0,0.0,0.0,0.0,0.0,0.0,0.0,0.0,0.0,0.0,0.0,0.0,0.0,0.0,0.0,0.0,0.0,0.0,0.0,0.0,0.0,0.0,0.0,0.0,0.0,0.0,0.0,0.0,0.0,0.0,0.0,0.0,0.0,0.0
Morgan Bit 1649,0.0,0.0,0.0,0.0,0.0,0.0,0.0,0.0,-1.0281745265969473,0.0,0.0,0.0,0.0,0.0,0.0,0.0,0.0,0.0,0.0,0.0,0.0,0.0,0.0,0.0,0.0,0.0,0.0,0.7198639327210757,0.0,0.0,0.0,0.0,0.0,0.0,0.0,0.0,0.0,0.0,0.0,0.0,0.0,0.0,0.0,0.0,0.0,0.0,0.0,0.0,0.0,0.0,0.0,0.0,-0.5140872632984744,0.0,0.0,0.0,0.0,0.0,0.0,1.0134863190741334,0.0,0.0,0.0,0.0,0.0,0.0,0.0,0.0,0.0,0.7788756192876377,0.0,0.0,0.0,0.0,0.0,0.0,0.0
EQE (%),0.0,0.0,0.0,0.0,0.0,0.24422402333314067,0.0,0.07445027304752765,0.0,0.0,-0.20543086172465214,0.0,-0.27868151837721145,0.0,0.0,0.0,0.08857237850360289,0.0,0.0,-0.21542792642053715,0.0,0.0,0.0,0.09498922073258437,0.0,0.0,0.0,0.0,0.0,0.0,-0.19740036356023638,0.0810346402181851,0.0,0.0,0.0,0.0,0.0,0.0,0.0,0.0,0.0,0.0,0.0,0.0,0.0,0.0,0.0,0.0,0.0,-0.14055008969232002,0.0,0.0,0.0,0.0,0.0,0.0,0.0,0.0,0.0,0.0,0.0,0.0,0.0,0.0,0.0,0.0,0.0,0.0,0.0,0.0,0.0,0.0,0.0,0.0,0.0,0.0,0.0
